{
    "R_4": {
        "FLAIR": {
            "PSNR_mean": 48.61455417211288,
            "PSNR_std": 3.6883698703759236,
            "SSIM_mean": 98.25436311463514,
            "SSIM_std": 1.5798122006427047,
            "LPIPS_mean": 0.44744363132243353,
            "LPIPS_std": 0.26898159612173467,
            "Time_mean": 171.48184807101885,
            "Time_std": 0.2736925812557879
        }
    },
    "R_8": {
        "FLAIR": {
            "PSNR_mean": 45.762604838130834,
            "PSNR_std": 2.9037260506303912,
            "SSIM_mean": 97.13373718162379,
            "SSIM_std": 2.036986562681272,
            "LPIPS_mean": 0.8139312366644541,
            "LPIPS_std": 0.16055716165542908,
            "Time_mean": 171.3397538860639,
            "Time_std": 0.11560403738747309
        }
    }
}