{
    "R_4": {
        "T2": {
            "PSNR_mean": 44.514058271491685,
            "PSNR_std": 2.1242773735816742,
            "SSIM_mean": 96.2773704280456,
            "SSIM_std": 1.6000896455625517,
            "LPIPS_mean": 0.7509184225151936,
            "LPIPS_std": 0.17059414988887336,
            "Time_mean": 169.41127612193426,
            "Time_std": 0.24406636776395518
        }
    },
    "R_8": {
        "T2": {
            "PSNR_mean": 42.294940019727996,
            "PSNR_std": 1.0464301225197572,
            "SSIM_mean": 94.49267908930779,
            "SSIM_std": 1.0489157771308593,
            "LPIPS_mean": 0.9777129193147024,
            "LPIPS_std": 0.056486419975525934,
            "Time_mean": 169.54858615994453,
            "Time_std": 0.0911303301325701
        }
    }
}