{
    "R_4": {
        "T1": {
            "PSNR_mean": 44.270853937025294,
            "PSNR_std": 2.2121435216254577,
            "SSIM_mean": 96.01551125878873,
            "SSIM_std": 1.7906569198323223,
            "LPIPS_mean": 0.8488987761995067,
            "LPIPS_std": 0.1561188173688343,
            "Time_mean": 169.8303165902262,
            "Time_std": 0.30858079510671044
        }
    },
    "R_8": {
        "T1": {
            "PSNR_mean": 42.18264330516286,
            "PSNR_std": 1.2823365364284411,
            "SSIM_mean": 94.2251047362452,
            "SSIM_std": 1.3686754637402792,
            "LPIPS_mean": 1.0056359029334525,
            "LPIPS_std": 0.0773983636285172,
            "Time_mean": 169.6481624323389,
            "Time_std": 0.11752068299032377
        }
    }
}