{
    "R_4": {
        "PD": {
            "PSNR_mean": 29.63360751830432,
            "PSNR_std": 0.8859581988601267,
            "SSIM_mean": 85.68617396923774,
            "SSIM_std": 2.6138286756537448,
            "LPIPS_mean": 0.1613100953400135,
            "LPIPS_std": 0.024652273337246344,
            "Time_mean": 42.733123151461285,
            "Time_std": 0.13634251736740907
        },
        "T2": {
            "PSNR_mean": 29.13638704953293,
            "PSNR_std": 1.5236450778681478,
            "SSIM_mean": 82.82321142702392,
            "SSIM_std": 5.124336796162678,
            "LPIPS_mean": 0.18226501519481342,
            "LPIPS_std": 0.05506390946033543,
            "Time_mean": 42.77056818803151,
            "Time_std": 0.018211984582824896
        },
        "T1": {
            "PSNR_mean": 31.834172270874724,
            "PSNR_std": 1.487728862046149,
            "SSIM_mean": 89.3849520222948,
            "SSIM_std": 1.8863395472931688,
            "LPIPS_mean": 0.12038094103336335,
            "LPIPS_std": 0.018864419295597606,
            "Time_mean": 42.755192565917966,
            "Time_std": 0.03892714317819998
        }
    },
    "R_8": {
        "PD": {
            "PSNR_mean": 25.98040532741518,
            "PSNR_std": 0.9471448190458389,
            "SSIM_mean": 82.03261357020223,
            "SSIM_std": 7.586389242886267,
            "LPIPS_mean": 0.2249755894144376,
            "LPIPS_std": 0.0424265619921164,
            "Time_mean": 83.64040208657583,
            "Time_std": 0.038218271398073614
        },
        "T2": {
            "PSNR_mean": 25.512370284437484,
            "PSNR_std": 1.6514069125805622,
            "SSIM_mean": 76.24943672368784,
            "SSIM_std": 13.478903415122359,
            "LPIPS_mean": 0.26120096296072004,
            "LPIPS_std": 0.08806202182803391,
            "Time_mean": 83.65000678698222,
            "Time_std": 0.04944040357388334
        },
        "T1": {
            "PSNR_mean": 28.38595664526121,
            "PSNR_std": 1.6215898065301237,
            "SSIM_mean": 88.26845693245963,
            "SSIM_std": 3.8703383580374306,
            "LPIPS_mean": 0.16493305613597234,
            "LPIPS_std": 0.0333572162569336,
            "Time_mean": 83.59094018936158,
            "Time_std": 0.02647341445948869
        }
    }
}