{
    "R_4": {
        "PD": {
            "PSNR_mean": 34.88512987774275,
            "PSNR_std": 0.7756500488498643,
            "SSIM_mean": 58.88449192047119,
            "SSIM_std": 9.098113359233686,
            "LPIPS_mean": 0.7680682182312012,
            "LPIPS_std": 0.05262748141714532,
            "Time_mean": 5.213289642333985,
            "Time_std": 0.6350984406015356
        },
        "T2": {
            "PSNR_mean": 33.39213661720329,
            "PSNR_std": 1.5468608341847618,
            "SSIM_mean": 47.566540241241455,
            "SSIM_std": 13.051536080298481,
            "LPIPS_mean": 0.7954464793205261,
            "LPIPS_std": 0.10744876164070503,
            "Time_mean": 4.926103496551514,
            "Time_std": 0.006910128269861245
        },
        "T1": {
            "PSNR_mean": 36.23278968232813,
            "PSNR_std": 0.5297125231681252,
            "SSIM_mean": 68.82274746894836,
            "SSIM_std": 5.359997855621873,
            "LPIPS_mean": 0.7021699905395508,
            "LPIPS_std": 0.04382355555921656,
            "Time_mean": 4.95353512763977,
            "Time_std": 0.011457656446106461
        }
    },
    "R_8": {
        "PD": {
            "PSNR_mean": 34.87187732944599,
            "PSNR_std": 0.27272650260373354,
            "SSIM_mean": 87.45663523674011,
            "SSIM_std": 0.12902272026023257,
            "LPIPS_mean": 0.7178005456924439,
            "LPIPS_std": 0.016256312566360065,
            "Time_mean": 4.622589254379273,
            "Time_std": 0.005370920823050536
        },
        "T2": {
            "PSNR_mean": 34.65676408791241,
            "PSNR_std": 0.0619403195087077,
            "SSIM_mean": 88.468496799469,
            "SSIM_std": 1.1544623344976164,
            "LPIPS_mean": 0.6894513845443726,
            "LPIPS_std": 0.02764155048380277,
            "Time_mean": 4.640247440338134,
            "Time_std": 0.007628744354856263
        },
        "T1": {
            "PSNR_mean": 35.76785009867021,
            "PSNR_std": 0.19874009987071287,
            "SSIM_mean": 87.70459294319153,
            "SSIM_std": 1.511939013073585,
            "LPIPS_mean": 0.7056896328926087,
            "LPIPS_std": 0.03364348741276864,
            "Time_mean": 4.6525664806365965,
            "Time_std": 0.004027789904614246
        }
    }
}