{
    "R_4": {
        "PD": {
            "PSNR_mean": 24.031857806638776,
            "PSNR_std": 0.38462667277526386,
            "SSIM_mean": 65.81674666145496,
            "SSIM_std": 3.816898650197889,
            "LPIPS_mean": 0.28080828189849855,
            "LPIPS_std": 0.020819881851504955,
            "Time_mean": 5.156900072097779,
            "Time_std": 0.5212437760054757
        },
        "T2": {
            "PSNR_mean": 23.729817847285887,
            "PSNR_std": 0.38454349624338535,
            "SSIM_mean": 62.62140196319588,
            "SSIM_std": 5.421310132291487,
            "LPIPS_mean": 0.3099725544452667,
            "LPIPS_std": 0.02600259650756513,
            "Time_mean": 4.9180614948272705,
            "Time_std": 0.01140570585094602
        },
        "T1": {
            "PSNR_mean": 23.695324240967878,
            "PSNR_std": 1.0915896388664443,
            "SSIM_mean": 55.48250391881678,
            "SSIM_std": 9.577912801095593,
            "LPIPS_mean": 0.33204116821289065,
            "LPIPS_std": 0.027864936926789517,
            "Time_mean": 4.969845724105835,
            "Time_std": 0.017717003174083375
        }
    },
    "R_8": {
        "PD": {
            "PSNR_mean": 21.163546543079033,
            "PSNR_std": 0.3513235578876117,
            "SSIM_mean": 66.17129844892544,
            "SSIM_std": 1.2721308094593855,
            "LPIPS_mean": 0.37544786334037783,
            "LPIPS_std": 0.011551758018125472,
            "Time_mean": 4.631472206115722,
            "Time_std": 0.007370504664679017
        },
        "T2": {
            "PSNR_mean": 20.595607856669613,
            "PSNR_std": 0.2187292197169525,
            "SSIM_mean": 65.15790450301256,
            "SSIM_std": 0.8669770128027945,
            "LPIPS_mean": 0.3964049696922302,
            "LPIPS_std": 0.013844484323420881,
            "Time_mean": 4.643280839920044,
            "Time_std": 0.0028698944892552813
        },
        "T1": {
            "PSNR_mean": 22.107107570183892,
            "PSNR_std": 0.09943005721746015,
            "SSIM_mean": 69.31669567078227,
            "SSIM_std": 0.7048828696500609,
            "LPIPS_mean": 0.3691700279712677,
            "LPIPS_std": 0.004151751100837031,
            "Time_mean": 4.647735500335694,
            "Time_std": 0.002484404300770043
        }
    }
}