{
    "R_4": {
        "PD": {
            "PSNR_mean": 29.59337954409,
            "PSNR_std": 0.5196677856649405,
            "SSIM_mean": 60.08752942085266,
            "SSIM_std": 5.759551308217254,
            "LPIPS_mean": 0.285281765460968,
            "LPIPS_std": 0.02400427425848607,
            "Time_mean": 4.95336594581604,
            "Time_std": 0.0956734773903222
        },
        "T2": {
            "PSNR_mean": 29.271952889898216,
            "PSNR_std": 0.32221562175620416,
            "SSIM_mean": 60.00463128089905,
            "SSIM_std": 2.620666187686851,
            "LPIPS_mean": 0.28806316256523135,
            "LPIPS_std": 0.01593528978687944,
            "Time_mean": 4.929161596298218,
            "Time_std": 0.0050463377643411725
        },
        "T1": {
            "PSNR_mean": 29.844766877269258,
            "PSNR_std": 0.30570640545192773,
            "SSIM_mean": 53.38375508785248,
            "SSIM_std": 4.969153028134817,
            "LPIPS_mean": 0.3105582416057587,
            "LPIPS_std": 0.029704264413634607,
            "Time_mean": 4.954660034179687,
            "Time_std": 0.011256436584842603
        }
    },
    "R_8": {
        "PD": {
            "PSNR_mean": 25.325751346579924,
            "PSNR_std": 0.34855883920699066,
            "SSIM_mean": 55.86538076400757,
            "SSIM_std": 0.8223577578189789,
            "LPIPS_mean": 0.3906426191329956,
            "LPIPS_std": 0.005030338885784739,
            "Time_mean": 4.619857501983643,
            "Time_std": 0.00431201684816248
        },
        "T2": {
            "PSNR_mean": 25.431931025152892,
            "PSNR_std": 0.23698647396272465,
            "SSIM_mean": 56.270668506622314,
            "SSIM_std": 0.2448077004297705,
            "LPIPS_mean": 0.39183016419410704,
            "LPIPS_std": 0.011219684028756598,
            "Time_mean": 4.644900321960449,
            "Time_std": 0.014575216879075665
        },
        "T1": {
            "PSNR_mean": 26.331042687972495,
            "PSNR_std": 0.08772100814708987,
            "SSIM_mean": 57.33651161193848,
            "SSIM_std": 0.7871947788168866,
            "LPIPS_mean": 0.3768305003643036,
            "LPIPS_std": 0.010034563285063863,
            "Time_mean": 4.652475595474243,
            "Time_std": 0.004057368221602842
        }
    }
}