{
    "R_4": {
        "T1": {
            "PSNR_mean": 44.79839180431157,
            "PSNR_std": 6.886283545433498,
            "SSIM_mean": 92.19851782018283,
            "SSIM_std": 13.778717937696245,
            "LPIPS_mean": 0.5213171030342016,
            "LPIPS_std": 0.28077122261072995,
            "Time_mean": 5.027268567175235,
            "Time_std": 0.06018476648913918
        },
        "T2": {
            "PSNR_mean": 45.244508462911924,
            "PSNR_std": 5.8747269264287,
            "SSIM_mean": 93.73745153996613,
            "SSIM_std": 10.810290894660756,
            "LPIPS_mean": 0.4784349322801072,
            "LPIPS_std": 0.27925357885705765,
            "Time_mean": 5.035842230571574,
            "Time_std": 0.009264503266286885
        },
        "FLAIR": {
            "PSNR_mean": 44.63585623972532,
            "PSNR_std": 5.735932753089665,
            "SSIM_mean": 93.22630685399955,
            "SSIM_std": 9.272937905987185,
            "LPIPS_mean": 0.5435903139812478,
            "LPIPS_std": 0.28326018512570267,
            "Time_mean": 5.036886486369119,
            "Time_std": 0.007245976787846002
        }
    },
    "R_8": {
        "T1": {
            "PSNR_mean": 47.24858474169563,
            "PSNR_std": 3.3138468155680303,
            "SSIM_mean": 98.10579164691691,
            "SSIM_std": 1.7399288809007736,
            "LPIPS_mean": 0.8410455288611492,
            "LPIPS_std": 0.12289836986389828,
            "Time_mean": 4.682953754123652,
            "Time_std": 0.013925826693456543
        },
        "T2": {
            "PSNR_mean": 48.33475854732773,
            "PSNR_std": 2.8649829699709635,
            "SSIM_mean": 98.60988668161421,
            "SSIM_std": 1.4039949832742362,
            "LPIPS_mean": 0.8283164239608662,
            "LPIPS_std": 0.1465705916833544,
            "Time_mean": 4.681974579341447,
            "Time_std": 0.007908383391142255
        },
        "FLAIR": {
            "PSNR_mean": 49.398931976660734,
            "PSNR_std": 2.2271001093917095,
            "SSIM_mean": 99.03571444078231,
            "SSIM_std": 0.5348264362526693,
            "LPIPS_mean": 0.8527387174921977,
            "LPIPS_std": 0.1214992105674794,
            "Time_mean": 4.681452711703072,
            "Time_std": 0.0037386112376419744
        }
    }
}