{
    "R4_LR0.0001_J25_ETA0.8_SCOPE-adaln_only": {
        "R": 4,
        "LR": 0.0001,
        "J": 25,
        "ETA": 0.8,
        "Scope": "adaln_only",
        "PSNR": 25.11636402946543,
        "SSIM": 0.7439269139075295,
        "LPIPS": 0.23555025416943762,
        "Time": 4.656623628404406
    },
    "R4_LR0.0001_J25_ETA0.8_SCOPE-all": {
        "R": 4,
        "LR": 0.0001,
        "J": 25,
        "ETA": 0.8,
        "Scope": "all",
        "PSNR": 25.4869082683091,
        "SSIM": 0.7484168547687958,
        "LPIPS": 0.22937770270638996,
        "Time": 5.071098758114709
    },
    "R4_LR0.0001_J25_ETA1.0_SCOPE-adaln_only": {
        "R": 4,
        "LR": 0.0001,
        "J": 25,
        "ETA": 1.0,
        "Scope": "adaln_only",
        "PSNR": 27.217598821998873,
        "SSIM": 0.759750878437809,
        "LPIPS": 0.21233565111955008,
        "Time": 4.703312516212463
    },
    "R4_LR0.0001_J25_ETA1.0_SCOPE-all": {
        "R": 4,
        "LR": 0.0001,
        "J": 25,
        "ETA": 1.0,
        "Scope": "all",
        "PSNR": 27.26570908097263,
        "SSIM": 0.7602840863328508,
        "LPIPS": 0.21183942299750116,
        "Time": 5.071008059713575
    },
    "R4_LR0.0001_J50_ETA0.8_SCOPE-adaln_only": {
        "R": 4,
        "LR": 0.0001,
        "J": 50,
        "ETA": 0.8,
        "Scope": "adaln_only",
        "PSNR": 25.501237187608318,
        "SSIM": 0.7454730915644147,
        "LPIPS": 0.23361585206455654,
        "Time": 8.948181940449608
    },
    "R4_LR0.0001_J50_ETA0.8_SCOPE-all": {
        "R": 4,
        "LR": 0.0001,
        "J": 50,
        "ETA": 0.8,
        "Scope": "all",
        "PSNR": 26.07289964672468,
        "SSIM": 0.7510694013891681,
        "LPIPS": 0.22616789531376627,
        "Time": 9.68183833360672
    },
    "R4_LR0.0001_J50_ETA1.0_SCOPE-adaln_only": {
        "R": 4,
        "LR": 0.0001,
        "J": 50,
        "ETA": 1.0,
        "Scope": "adaln_only",
        "PSNR": 27.254569772255525,
        "SSIM": 0.759783136252577,
        "LPIPS": 0.21336343180802134,
        "Time": 8.945951203505198
    },
    "R4_LR0.0001_J50_ETA1.0_SCOPE-all": {
        "R": 4,
        "LR": 0.0001,
        "J": 50,
        "ETA": 1.0,
        "Scope": "all",
        "PSNR": 27.372829449146963,
        "SSIM": 0.7610088529041366,
        "LPIPS": 0.21618950739502907,
        "Time": 9.678582734531826
    },
    "R4_LR0.0001_J100_ETA0.8_SCOPE-adaln_only": {
        "R": 4,
        "LR": 0.0001,
        "J": 100,
        "ETA": 0.8,
        "Scope": "adaln_only",
        "PSNR": 25.957737881174115,
        "SSIM": 0.73949741854041,
        "LPIPS": 0.2485334558619393,
        "Time": 17.44842027955585
    },
    "R4_LR0.0001_J100_ETA0.8_SCOPE-all": {
        "R": 4,
        "LR": 0.0001,
        "J": 100,
        "ETA": 0.8,
        "Scope": "all",
        "PSNR": 26.691943321626418,
        "SSIM": 0.7480895935320926,
        "LPIPS": 0.23212732209099662,
        "Time": 18.89306006828944
    },
    "R4_LR0.0001_J100_ETA1.0_SCOPE-adaln_only": {
        "R": 4,
        "LR": 0.0001,
        "J": 100,
        "ETA": 1.0,
        "Scope": "adaln_only",
        "PSNR": 27.25472923743263,
        "SSIM": 0.7533305945228185,
        "LPIPS": 0.2253489817182223,
        "Time": 17.447580522961086
    },
    "R4_LR0.0001_J100_ETA1.0_SCOPE-all": {
        "R": 4,
        "LR": 0.0001,
        "J": 100,
        "ETA": 1.0,
        "Scope": "all",
        "PSNR": 27.39183389955101,
        "SSIM": 0.7554351169717894,
        "LPIPS": 0.22216536973913512,
        "Time": 18.89103466272354
    },
    "R4_LR0.0005_J25_ETA0.8_SCOPE-adaln_only": {
        "R": 4,
        "LR": 0.0005,
        "J": 25,
        "ETA": 0.8,
        "Scope": "adaln_only",
        "PSNR": 25.664290674537888,
        "SSIM": 0.7443767956848102,
        "LPIPS": 0.24224607398112616,
        "Time": 4.692069073518117
    },
    "R4_LR0.0005_J25_ETA0.8_SCOPE-all": {
        "R": 4,
        "LR": 0.0005,
        "J": 25,
        "ETA": 0.8,
        "Scope": "all",
        "PSNR": 25.185786601974584,
        "SSIM": 0.7455324131174216,
        "LPIPS": 0.23663630874620545,
        "Time": 5.06358304950926
    },
    "R4_LR0.0005_J25_ETA1.0_SCOPE-adaln_only": {
        "R": 4,
        "LR": 0.0005,
        "J": 25,
        "ETA": 1.0,
        "Scope": "adaln_only",
        "PSNR": 27.245142985708178,
        "SSIM": 0.7573317989106999,
        "LPIPS": 0.21806243807077408,
        "Time": 4.700355291366577
    },
    "R4_LR0.0005_J25_ETA1.0_SCOPE-all": {
        "R": 4,
        "LR": 0.0005,
        "J": 25,
        "ETA": 1.0,
        "Scope": "all",
        "PSNR": 27.264146682435,
        "SSIM": 0.7624097267952487,
        "LPIPS": 0.2115402730802695,
        "Time": 5.06777122285631
    },
    "R4_LR0.0005_J50_ETA0.8_SCOPE-adaln_only": {
        "R": 4,
        "LR": 0.0005,
        "J": 50,
        "ETA": 0.8,
        "Scope": "adaln_only",
        "PSNR": 26.169883193883337,
        "SSIM": 0.7395053423217601,
        "LPIPS": 0.2528537122739686,
        "Time": 8.949818379349178
    },
    "R4_LR0.0005_J50_ETA0.8_SCOPE-all": {
        "R": 4,
        "LR": 0.0005,
        "J": 50,
        "ETA": 0.8,
        "Scope": "all",
        "PSNR": 26.104811781826434,
        "SSIM": 0.7401955910165253,
        "LPIPS": 0.24773742589685652,
        "Time": 9.670424964692858
    },
    "R4_LR0.0005_J50_ETA1.0_SCOPE-adaln_only": {
        "R": 4,
        "LR": 0.0005,
        "J": 50,
        "ETA": 1.0,
        "Scope": "adaln_only",
        "PSNR": 27.212949405610964,
        "SSIM": 0.7489460068603568,
        "LPIPS": 0.23431969723767704,
        "Time": 8.943635947174496
    },
    "R4_LR0.0005_J50_ETA1.0_SCOPE-all": {
        "R": 4,
        "LR": 0.0005,
        "J": 50,
        "ETA": 1.0,
        "Scope": "all",
        "PSNR": 27.221533789934014,
        "SSIM": 0.7507611338371811,
        "LPIPS": 0.22467534782158005,
        "Time": 9.666104005442726
    },
    "R4_LR0.0005_J100_ETA0.8_SCOPE-adaln_only": {
        "R": 4,
        "LR": 0.0005,
        "J": 100,
        "ETA": 0.8,
        "Scope": "adaln_only",
        "PSNR": 26.306982060221706,
        "SSIM": 0.7254237280618501,
        "LPIPS": 0.2785644349124696,
        "Time": 17.44221066766315
    },
    "R4_LR0.0005_J100_ETA0.8_SCOPE-all": {
        "R": 4,
        "LR": 0.0005,
        "J": 100,
        "ETA": 0.8,
        "Scope": "all",
        "PSNR": 26.728427934525623,
        "SSIM": 0.7366784078583748,
        "LPIPS": 0.23883482358521885,
        "Time": 18.894291354550255
    },
    "R4_LR0.0005_J100_ETA1.0_SCOPE-adaln_only": {
        "R": 4,
        "LR": 0.0005,
        "J": 100,
        "ETA": 1.0,
        "Scope": "adaln_only",
        "PSNR": 26.948870213191597,
        "SSIM": 0.7330490208399861,
        "LPIPS": 0.25743991923001075,
        "Time": 17.44439622428682
    },
    "R4_LR0.0005_J100_ETA1.0_SCOPE-all": {
        "R": 4,
        "LR": 0.0005,
        "J": 100,
        "ETA": 1.0,
        "Scope": "all",
        "PSNR": 27.165155721382288,
        "SSIM": 0.7404434211003662,
        "LPIPS": 0.232601224962208,
        "Time": 18.891059113873375
    },
    "R8_LR0.0001_J25_ETA0.8_SCOPE-adaln_only": {
        "R": 8,
        "LR": 0.0001,
        "J": 25,
        "ETA": 0.8,
        "Scope": "adaln_only",
        "PSNR": 22.479835844640824,
        "SSIM": 0.5611243800541055,
        "LPIPS": 0.46988513982958263,
        "Time": 4.69008082151413
    },
    "R8_LR0.0001_J25_ETA0.8_SCOPE-all": {
        "R": 8,
        "LR": 0.0001,
        "J": 25,
        "ETA": 0.8,
        "Scope": "all",
        "PSNR": 23.114910726528493,
        "SSIM": 0.5884930495925128,