{
    "R_4": {
        "T2": {
            "PSNR_mean": 28.053534171334167,
            "PSNR_std": 1.078130075585415,
            "SSIM_mean": 2.6988504234951725,
            "SSIM_std": 0.15842362681583966,
            "LPIPS_mean": 0.24459341466426848,
            "LPIPS_std": 0.038128134662522135,
            "Time_mean": 815.7559062957764,
            "Time_std": 0.4321458010174217
        }
    },
    "R_8": {
        "T2": {
            "PSNR_mean": 25.289269221861975,
            "PSNR_std": 1.4310741603036998,
            "SSIM_mean": 2.8921683587239846,
            "SSIM_std": 0.42989538786359527,
            "LPIPS_mean": 0.29010485410690307,
            "LPIPS_std": 0.050258285271323415,
            "Time_mean": 815.4252934455872,
            "Time_std": 0.1661405583371082
        }
    }
}