{
    "R_4": {
        "T1": {
            "PSNR_mean": 30.773307770783084,
            "PSNR_std": 1.19281263056561,
            "SSIM_mean": 2.868797385358888,
            "SSIM_std": 0.44745829082543187,
            "LPIPS_mean": 0.21302787959575653,
            "LPIPS_std": 0.016162983480770644,
            "Time_mean": 821.0439957618713,
            "Time_std": 0.916596468013489
        }
    },
    "R_8": {
        "T1": {
            "PSNR_mean": 29.102176851589018,
            "PSNR_std": 1.9572335069685465,
            "SSIM_mean": 3.470197168624227,
            "SSIM_std": 0.3598508757168995,
            "LPIPS_mean": 0.2237599790096283,
            "LPIPS_std": 0.02719545500991656,
            "Time_mean": 820.8553123950958,
            "Time_std": 0.37577060198891676
        }
    }
}