{
    "R_4": {
        "PD": {
            "PSNR_mean": 28.335473716244472,
            "PSNR_std": 0.8889416487177231,
            "SSIM_mean": 2.780020488412207,
            "SSIM_std": 0.16804168494107874,
            "LPIPS_mean": 0.26304001808166505,
            "LPIPS_std": 0.024107243030160767,
            "Time_mean": 816.4868087291718,
            "Time_std": 0.4943973496198192
        }
    },
    "R_8": {
        "PD": {
            "PSNR_mean": 25.82881294596458,
            "PSNR_std": 0.7256124696843268,
            "SSIM_mean": 3.159024577475818,
            "SSIM_std": 0.24968205283324166,
            "LPIPS_mean": 0.2963473081588745,
            "LPIPS_std": 0.03634063849929016,
            "Time_mean": 816.3431675434113,
            "Time_std": 0.14576307610408237
        }
    }
}