{
    "R4_LR0.0001_J25_ETA0.8_SCOPE-adaln_only": {
        "R": 4,
        "lr": 0.0001,
        "J": 25,
        "eta": 0.8,
        "scope": "adaln_only",
        "PSNR": 28.793764447082328,
        "SSIM": 0.8010075320860994,
        "LPIPS": 0.210695448021094,
        "Time": 22.277435845798916
    },
    "R4_LR0.0001_J25_ETA0.8_SCOPE-all": {
        "R": 4,
        "lr": 0.0001,
        "J": 25,
        "eta": 0.8,
        "scope": "all",
        "PSNR": 28.329320586335196,
        "SSIM": 0.7440085586022547,
        "LPIPS": 0.23057823379834494,
        "Time": 23.0601224899292
    },
    "R4_LR0.0001_J25_ETA1.0_SCOPE-adaln_only": {
        "R": 4,
        "lr": 0.0001,
        "J": 25,
        "eta": 1.0,
        "scope": "adaln_only",
        "PSNR": 29.263010316268094,
        "SSIM": 0.7913800569811784,
        "LPIPS": 0.20709666113058725,
        "Time": 22.359547032250298
    },
    "R4_LR0.0001_J25_ETA1.0_SCOPE-all": {
        "R": 4,
        "lr": 0.0001,
        "J": 25,
        "eta": 1.0,
        "scope": "all",
        "PSNR": 28.825035707509965,
        "SSIM": 0.7487262378702841,
        "LPIPS": 0.2219574766026603,
        "Time": 23.050533692042034
    },
    "R4_LR0.0001_J50_ETA0.8_SCOPE-adaln_only": {
        "R": 4,
        "lr": 0.0001,
        "J": 50,
        "eta": 0.8,
        "scope": "adaln_only",
        "PSNR": 29.700413529724617,
        "SSIM": 0.8390304005107341,
        "LPIPS": 0.19521863924132454,
        "Time": 42.823161244392395
    },
    "R4_LR0.0001_J50_ETA0.8_SCOPE-all": {
        "R": 4,
        "lr": 0.0001,
        "J": 50,
        "eta": 0.8,
        "scope": "all",
        "PSNR": 29.09984828668012,
        "SSIM": 0.7454730448455635,
        "LPIPS": 0.2270999877817101,
        "Time": 44.219397942225136
    },
    "R4_LR0.0001_J50_ETA1.0_SCOPE-adaln_only": {
        "R": 4,
        "lr": 0.0001,
        "J": 50,
        "eta": 1.0,
        "scope": "adaln_only",
        "PSNR": 30.02081332811923,
        "SSIM": 0.8316105227297986,
        "LPIPS": 0.19405187831984627,
        "Time": 42.82210801707374
    },
    "R4_LR0.0001_J50_ETA1.0_SCOPE-all": {
        "R": 4,
        "lr": 0.0001,
        "J": 50,
        "eta": 1.0,
        "scope": "all",
        "PSNR": 29.285804225829402,
        "SSIM": 0.7405936879112053,
        "LPIPS": 0.22310412633750173,
        "Time": 44.24603773487939
    },
    "R4_LR0.0001_J100_ETA0.8_SCOPE-adaln_only": {
        "R": 4,
        "lr": 0.0001,
        "J": 100,
        "eta": 0.8,
        "scope": "adaln_only",
        "PSNR": 30.15842400251942,
        "SSIM": 0.827121236790414,
        "LPIPS": 0.19780059614115292,
        "Time": 83.79863231711917
    },
    "R4_LR0.0001_J100_ETA0.8_SCOPE-all": {
        "R": 4,
        "lr": 0.0001,
        "J": 100,
        "eta": 0.8,
        "scope": "all",
        "PSNR": 29.100101083776185,
        "SSIM": 0.7019192858461508,
        "LPIPS": 0.23665986210107803,
        "Time": 86.60813057422638
    },
    "R4_LR0.0001_J100_ETA1.0_SCOPE-adaln_only": {
        "R": 4,
        "lr": 0.0001,
        "J": 100,
        "eta": 1.0,
        "scope": "adaln_only",
        "PSNR": 30.48188455060562,
        "SSIM": 0.836114466005683,
        "LPIPS": 0.18842172457112205,
        "Time": 83.81499727567036
    },
    "R4_LR0.0001_J100_ETA1.0_SCOPE-all": {
        "R": 4,
        "lr": 0.0001,
        "J": 100,
        "eta": 1.0,
        "scope": "all",
        "PSNR": 29.59296412435077,
        "SSIM": 0.7090234913109421,
        "LPIPS": 0.23324807733297348,
        "Time": 86.60809673203363
    },
    "R4_LR0.0005_J25_ETA0.8_SCOPE-adaln_only": {
        "R": 4,
        "lr": 0.0005,
        "J": 25,
        "eta": 0.8,
        "scope": "adaln_only",
        "PSNR": 27.49416856191662,
        "SSIM": 0.6000346104132444,
        "LPIPS": 0.2879447456863191,
        "Time": 22.368654635217453
    },
    "R4_LR0.0005_J25_ETA0.8_SCOPE-all": {
        "R": 4,
        "lr": 0.0005,
        "J": 25,
        "eta": 0.8,
        "scope": "all",
        "PSNR": 26.573942828925205,
        "SSIM": 0.6113371939784351,
        "LPIPS": 0.287016694744428,
        "Time": 23.05363693502214
    },
    "R4_LR0.0005_J25_ETA1.0_SCOPE-adaln_only": {
        "R": 4,
        "lr": 0.0005,
        "J": 25,
        "eta": 1.0,
        "scope": "adaln_only",
        "PSNR": 28.42712638735445,
        "SSIM": 0.6859590035468724,
        "LPIPS": 0.2574482353197204,
        "Time": 22.364082283443874
    },
    "R4_LR0.0005_J25_ETA1.0_SCOPE-all": {
        "R": 4,
        "lr": 0.0005,
        "J": 25,
        "eta": 1.0,
        "scope": "all",
        "PSNR": 27.546256238007796,
        "SSIM": 0.6207703082133,
        "LPIPS": 0.27426744666364455,
        "Time": 23.061158921983505
    },
    "R4_LR0.0005_J50_ETA0.8_SCOPE-adaln_only": {
        "R": 4,
        "lr": 0.0005,
        "J": 50,
        "eta": 0.8,
        "scope": "adaln_only",
        "PSNR": 28.393673299686867,
        "SSIM": 0.6335081707307326,
        "LPIPS": 0.2729101628065109,
        "Time": 42.87489505608877
    },
    "R4_LR0.0005_J50_ETA0.8_SCOPE-all": {
        "R": 4,
        "lr": 0.0005,
        "J": 50,
        "eta": 0.8,
        "scope": "all",
        "PSNR": 26.942753805654483,
        "SSIM": 0.5684824531631335,
        "LPIPS": 0.3034879250658883,
        "Time": 44.25052293141683
    },
    "R4_LR0.0005_J50_ETA1.0_SCOPE-adaln_only": {
        "R": 4,
        "lr": 0.0005,
        "J": 50,
        "eta": 1.0,
        "scope": "adaln_only",
        "PSNR": 28.519441869665123,
        "SSIM": 0.626648181946963,
        "LPIPS": 0.2679084191719691,
        "Time": 42.86458146572113
    },
    "R4_LR0.0005_J50_ETA1.0_SCOPE-all": {
        "R": 4,
        "lr": 0.0005,
        "J": 50,
        "eta": 1.0,
        "scope": "all",
        "PSNR": 27.480351804702376,
        "SSIM": 0.5737905015885122,
        "LPIPS": 0.29574549860424465,
        "Time": 44.234272983339096
    },
    "R4_LR0.0005_J100_ETA0.8_SCOPE-adaln_only": {
        "R": 4,
        "lr": 0.0005,
        "J": 100,
        "eta": 0.8,
        "scope": "adaln_only",
        "PSNR": 28.095608641784633,
        "SSIM": 0.5775450557991354,
        "LPIPS": 0.29119937121868134,
        "Time": 83.82098314497206
    },
    "R4_LR0.0005_J100_ETA0.8_SCOPE-all": {
        "R": 4,
        "lr": 0.0005,
        "J": 100,
        "eta": 0.8,
        "scope": "all",
        "PSNR": 27.29397751752575,
        "SSIM": 0.5407146039353049,
        "LPIPS": 0.30517440537611645,
        "Time": 86.63253990809123
    },
    "R4_LR0.0005_J100_ETA1.0_SCOPE-adaln_only": {
        "R": 4,
        "lr": 0.0005,
        "J": 100,
        "eta": 1.0,
        "scope": "adaln_only",
        "PSNR": 28.024676626783272,
        "SSIM": 0.5633957899246972,
        "LPIPS": 0.2882223054766655,
        "Time": 83.85491654607985
    },
    "R4_LR0.0005_J100_ETA1.0_SCOPE-all": {
        "R": 4,
        "lr": 0.0005,
        "J": 100,
        "eta": 1.0,
        "scope": "all",
        "PSNR": 27.895363662087664,
        "SSIM": 0.572362743529316,
        "LPIPS": 0.2930531038178338,
        "Time": 86.6286338435279
    },
    "R8_LR0.0001_J25_ETA0.8_SCOPE-adaln_only": {
        "R": 8,
        "lr": 0.0001,
        "J": 25,
        "eta": 0.8,
        "scope": "adaln_only",
        "PSNR": 25.318114234210825,
        "SSIM": 0.7073718191863488,
        "LPIPS": 0.291220807366901,
        "Time": 22.3485822280248
    },
    "R8_LR0.0001_J25_ETA0.8_SCOPE-all": {
        "R": 8,
        "lr": 0.0001,
        "J": 25,
        "eta": 0.8,
        "scope": "all",
        "PSNR": 25.050795045988846,
        "SSIM": 0.6422017079491547,